length,insertion_sort_key_comparison,insertion_sort_time,merge_sort_key_comparison,merge_sort_time
1000,499500,0.0,5044,0.0
2000,1999000,0.0,11088,0.0
3000,4498500,0.0256197452545166,18076,0.00099778175354
4000,7998000,0.0256404876708984,24176,0.00099778175354
5000,12497500,0.0359842777252197,32004,0.001000165939331
6000,17997000,0.0590250492095947,39152,0.0019950866699218
7000,24496500,0.0772852897644043,46180,0.0020153522491455
8000,31996000,0.0976941585540771,52352,0.0022552013397216
9000,40495500,0.104917287826538,60796,0.0156598091125488
