length,insertion_sort_key_comparison,insertion_sort_time,merge_sort_key_comparison,merge_sort_time
1000,242732,0.0,8714,0.0
2000,1027630,0.0,19385,0.0
3000,2263948,0.0150060653686523,30886,0.0
4000,3972257,0.0146830081939697,42810,0.0
5000,6277194,0.0178403854370117,55234,0.0
6000,9025794,0.0402302742004394,67888,0.001997947692871
7000,12155831,0.0297036170959472,80639,0.0
8000,15909463,0.0469696521759033,93740,0.0
9000,20122362,0.0468289852142334,106952,0.0156216621398925
