length,insertion_sort_key_comparison,insertion_sort_time,merge_sort_key_comparison,merge_sort_time
1000,999,0.0,4932,0.0
2000,1999,0.0,10864,0.0
3000,2999,0.0,16828,0.0156214237213134
4000,3999,0.0,23728,0.0
5000,4999,0.0,29804,0.0156245231628417
6000,5999,0.0,36656,0.0
7000,6999,0.0,43628,0.0
8000,7999,0.0,51456,0.0
9000,8999,0.0,57820,0.0
