length,insertion_sort_key_comparison,insertion_sort_time,merge_sort_key_comparison,merge_sort_time
10000,25121581,0.0781059265136718,120373,0.0
20000,99837729,0.2904582023620605,260928,0.0
30000,223804896,0.6285655498504639,408725,0.0156216621398925
40000,399905094,1.152953863143921,561913,0.0086879730224609
50000,623713279,1.7587049007415771,718170,0.0156252384185791
60000,901101590,2.5404698848724365,877336,0.0156214237213134
70000,1223183114,3.4352657794952397,1038870,0.0312426090240478
80000,1600994758,4.514392614364624,1203443,0.0312485694885253
90000,2024555426,5.692622900009155,1369535,0.031243085861206
