length,insertion_sort_key_comparison,insertion_sort_time,merge_sort_key_comparison,merge_sort_time
10000,9999,0.0,64608,0.0
20000,19999,0.0,139216,0.0
30000,29999,0.0,219504,0.0156195163726806
40000,39999,0.0156245231628417,298432,0.0156230926513671
50000,49999,0.0065832138061523,382512,0.0075569152832031
60000,59999,0.0185158252716064,469008,0.0110795497894287
70000,69999,0.015636920928955,555200,0.0156116485595703
80000,79999,0.015604019165039,636864,0.031243085861206
90000,89999,0.017890453338623,723680,0.0127069950103759
