S,python_avg_key_comparisons,python_avg_sort_time,c_avg_key_comparisons,c_avg_sort_time
10,12918301.666666666,4.841361920038859,11252678.666666666,0.34625013669331867
11,12918301.666666666,4.613906304041545,11252678.666666666,0.3340977032979329
12,12918301.666666666,4.521859725316365,11252678.666666666,0.3375125726064046
13,12918301.666666666,4.487611532211304,11252678.666666666,0.33582790692647296
14,12918301.666666666,4.5179957548777265,11252678.666666666,0.3353847662607829
