S,python_avg_key_comparisons,python_avg_sort_time,c_avg_key_comparisons,c_avg_sort_time
10,36495015.333333336,11.689204573631287,32610447.833333332,0.8551421562830607
11,36495015.333333336,11.72964851061503,32610447.833333332,0.8578936656316122
12,36495015.333333336,11.646355350812277,32610447.833333332,0.851635217666626
13,36495015.333333336,11.687161723772684,32610447.833333332,0.8651682138442993
14,36495015.333333336,11.703550338745117,32610447.833333332,0.8661772012710571
