python_avg_key_comparisons,python_avg_sort_time,c_avg_key_comparisons,c_avg_sort_time
12875213.666666666,5.634307146072388,12875213.666666666,0.42825595537821454
