python_avg_key_comparisons,python_avg_sort_time,c_avg_key_comparisons,c_avg_sort_time
36312475.166666664,13.450474739074707,36312475.166666664,1.0820393164952595
