length,insertion_sort_key_comparison,insertion_sort_time,merge_sort_key_comparison,merge_sort_time
1000,499500,0.0,5044,0.0
2000,1999000,0.0156207084655761,11088,0.0
3000,4498500,0.0156211853027343,18076,0.0
4000,7998000,0.0355122089385986,24176,0.0
5000,12497500,0.0477502346038818,32004,0.0
6000,17997000,0.0498425960540771,39152,0.0162210464477539
7000,24496500,0.0595746040344238,46180,0.0
8000,31996000,0.0876426696777343,52352,0.0
9000,40495500,0.1050033569335937,60796,0.0156223773956298
