length,insertion_sort_key_comparison,insertion_sort_time,merge_sort_key_comparison,merge_sort_time
1000,247764,0.0,8726,0.0
2000,982546,0.0190200805664062,19432,0.0
3000,2234055,0.0109193325042724,30930,0.0010023117065429
4000,3987812,0.0145702362060546,42845,0.0
5000,6312085,0.0159568786621093,55318,0.0160419940948486
6000,8849221,0.0258514881134033,67758,0.0
7000,12271682,0.0468981266021728,80754,0.0
8000,16033738,0.0468616485595703,93629,0.0
9000,20085861,0.0468614101409912,106934,0.0
