length,insertion_sort_key_comparison,insertion_sort_time,merge_sort_key_comparison,merge_sort_time
10000,24880360,0.0781407356262207,120425,0.0
20000,99982427,0.2908196449279785,261001,0.0156104564666748
30000,223132922,0.6377863883972168,408519,0.0075061321258544
40000,399236257,1.159440279006958,561776,0.0150301456451416
50000,628738294,1.787397861480713,718296,0.0156216621398925
60000,899545942,2.5250489711761475,877092,0.0156216621398925
70000,1220041117,3.4032082557678223,1039023,0.0156219005584716
80000,1603919571,4.547937631607056,1203651,0.031243085861206
90000,2020096572,5.69273042678833,1369725,0.0327813625335693
