length,insertion_sort_key_comparison,insertion_sort_time,merge_sort_key_comparison,merge_sort_time
10000,9999,0.0,64608,0.0
20000,19999,0.0,139216,0.0
30000,29999,0.0,219504,0.0070037841796875
40000,39999,0.0,298432,0.0154714584350585
50000,49999,0.0,382512,0.0156190395355224
60000,59999,0.0,469008,0.0156214237213134
70000,69999,0.0156478881835937,555200,0.0156221389770507
80000,79999,0.015620470046997,636864,0.0156302452087402
90000,89999,0.0312509536743164,723680,0.0166244506835937
