length,insertion_sort_key_comparison,insertion_sort_time,merge_sort_key_comparison,merge_sort_time
1000,261259,0.002640962600708,8707,0.000478982925415
2000,1009606,0.0052962303161621,19411,0.0009059906005859
3000,2233405,0.0112648010253906,30916,0.0014247894287109
4000,4052622,0.0199480056762695,42822,0.0019361972808837
5000,6154672,0.0300061702728271,55238,0.0024068355560302
6000,8956054,0.043083906173706,67833,0.0028982162475585
7000,12254118,0.0585420131683349,80697,0.0033850669860839
8000,16012748,0.0771269798278808,93659,0.0039029121398925
9000,20235372,0.0963838100433349,106938,0.0044417381286621
