length,insertion_sort_key_comparison,insertion_sort_time,merge_sort_key_comparison,merge_sort_time
1000,499500,0.0010461807250976,5044,0.0010435581207275
2000,1999000,0.0,11088,0.0080010890960693
3000,4498500,0.0156233310699462,18076,0.0
4000,7998000,0.0156214237213134,24176,0.0
5000,12497500,0.0312423706054687,32004,0.0
6000,17997000,0.04689621925354,39152,0.0
7000,24496500,0.0624513626098632,46180,0.0
8000,31996000,0.0962312221527099,52352,0.0
9000,40495500,0.1093716621398925,60796,0.0
