length,insertion_sort_key_comparison,insertion_sort_time,merge_sort_key_comparison,merge_sort_time
1000,248145,0.0010421276092529,8758,0.0011000633239746
2000,984471,0.0038559436798095,19442,0.0
3000,2229601,0.0116794109344482,30941,0.0010304450988769
4000,3946795,0.0162460803985595,42845,0.0
5000,6168641,0.0298149585723876,55297,0.0009973049163818
6000,8889086,0.029484748840332,67815,0.0019824504852294
7000,12239780,0.0359063148498535,80640,0.0020358562469482
8000,16022571,0.046560525894165,93679,0.00199556350708
9000,20504292,0.0605940818786621,106958,0.002958059310913
