length,insertion_sort_key_comparison,insertion_sort_time,merge_sort_key_comparison,merge_sort_time
10000,9999,0.0019953250885009,64608,0.0019946098327636
20000,19999,0.0,139216,0.0
30000,29999,0.0156366825103759,219504,0.0
40000,39999,0.0,298432,0.0156292915344238
50000,49999,0.0,382512,0.0156359672546386
60000,59999,0.0,469008,0.0156300067901611
70000,69999,0.0156507492065429,555200,0.0156295299530029
80000,79999,0.0156185626983642,636864,0.0156211853027343
90000,89999,0.0312509536743164,723680,0.0156209468841552
