length,insertion_sort_key_comparison,insertion_sort_time,merge_sort_key_comparison,merge_sort_time
10000,49995000,0.1405904293060302,69008,0.0
20000,199990000,0.5660459995269775,148016,0.0156214237213134
30000,449985000,1.2923991680145264,227728,0.0156171321868896
40000,799980000,2.2736575603485107,316032,0.0
50000,1249975000,3.513162612915039,401952,0.0156216621398925
60000,1799970000,5.1255950927734375,485456,0.0156211853027343
70000,-1845002296,6.915702819824219,573728,0.0156242847442626
80000,-1095007296,9.062518835067747,672064,0.0156238079071044
90000,-245012296,11.557213068008425,765248,0.0156209468841552
