length,insertion_sort_key_comparison,insertion_sort_time,merge_sort_key_comparison,merge_sort_time
10000,25103314,0.082653522491455,120547,0.0029914379119873
20000,99809135,0.2910242080688476,260733,0.0
30000,225750858,0.6291656494140625,408668,0.0156216621398925
40000,400329846,1.157958984375,561763,0.0156130790710449
50000,624608157,1.7571160793304443,718141,0.0156219005584716
60000,897497990,2.5719263553619385,877270,0.0156259536743164
70000,1224195213,3.4383416175842285,1039004,0.0130486488342285
80000,1596545497,4.518023729324341,1203490,0.0306305885314941
90000,2031559398,5.693604469299316,1369606,0.031198501586914
